,reviews_classified4
0,pratico agil igual ao agiota aqui do bairro porque rouba igual
1,650 a taxa p sacar dinheiro no caixa eletronico isso e um roubo vcs vao tomar o pouco que o povo tem e porque eu nao consigo transferir meu dinheiro p outra conta minha em outro banco
2,amei o meu cartao o aplicativo muito bom mesmo o unico problema e o a seguranca do aplicativo porque toda vez que vou passar o cartao ai depois aparece que minha comprar foi negada mais eu nao comprei nada todo dia a parece nodificacao que minha comprar foi negada acho que clonaram meu cartao
3,vou da uma estrela por que cada sakele come seu dinheroq roubo
4,eu queria saber por que eu preciso por dinheiro para liberar limite um roubo isso
5,o nubank precisa melhorar na seguranca em casos de roubo ou furto uma dica e pedir autorizacao de login ao email cadastrado antes de mudar o proprio email e numero do celular no perfil
6,roubaram o celular da minha namorada e mesmo tendo senha no aplicativo da nubank eles conseguiram acessar a conta o que pra mim e falha na seguranca e pegaram o dinheiro na conta dela e o suporte da nubank informou que nao podiam resolver essa situacao sendo que deveria ter uma seguranca num aplicativo tao grande eu irei retirar tudo o que coloquei na conta pois agora tenho medo ja que tenho bem mais dinheiro guardado de acontecer o mesmo comigo uma pena pois eu sempre admirei a nubank
7,o appicativo me parece muitissimo inseguro diversos locais que exibem coisas como saldo valores investidor na corretora nuinvest dados pessoais como endereco etc sao facilmente acessiveis em aparelhos nao autorizados pra mim so deveria mostrar o saldo da fatura do cartao de credito no maximo pra aparelhos nao autorizados e se quer permitir alguma navegacao extra num pais onde roubos e golpes se tornam constantes esta cada vez mais necessario solucoes de seguranca melhores
8,jura que ate tu nubank vai entrar na roubada das cryptos vai ser um tiro no pe no dia que o bitcoin deixar de existir e der prejuizo em varias pessoas a instituicao nubank vai se queimar um conselho implantar uma plataforma home broker igual a do banco inter com pix e no proprio aplicativo para negociar acoes e nao loteria de cryptomoedas comprei acoes do nubank ontem e ja vendi hoje no prejuizo com a noticia que o nubank vai entrar nas cryptos perdeu credibilidade comigo
9,nao so depois que eu avaliar o aplicativo eu recebir 50 depis 20 de amigos que me pagaram pelo o aplicativo mais nuca pudi uzar esse dinheiro nem pelo o aplicativo nem de maneira nheuma perdir meus 70 reais ou seja me roubaram envemtaram que meu dispozivo e antigo e me rou baram
10,e o pior aplicativo entre todos bancos muitas vezes indisponivel eo que tem mais golpe
11,eu ja cai nesse golpe do saque do fgts minha dica e nunca use o aplicativo caixa tem jn
12,toda vez que eu acabo bloqueando um aplicativo de banco por errar a senha diversas vezes eu me sinto aliviado contra possiveis golpes ou roubo de telefone porque porra se nem eu to sabendo a senha bloqueei o aplicativo da caixa agora ü§°
13,clonaram a conta aplicativo caixa de pai e sacaram o dinheiro dele e ele vai viajar amanha ele ta puto ja prestou queixa na policia federal e eles so podem dar alguma resposta daqui a 15 dias e pai precisando do dinheiro
14,aproveitando o hype da thread do nubank e o assunto seguranca deixo a dica conta da caixa se nem eu consigo acessar quem diras algum fraudador 24h que o aplicativo ta fora do ar
15,roubaram meu fgts criaram um cadastro com um email fake no meu cpf tudo isso porque a caixa nao tem capacidade de criar um aplicativo com seguranca serio e ridiculo qqr um consegue abrir uma conta com qqr email se tiver seus dados
16,voce e roubado por falhas de seguranca do aplicativo caixa tem fica sem o auxilio a caixa suspende sua conta por suspeita de fraude e voce ainda precisa se expor ao virus indo ate uma agencia pra contestar o roubo em plena pandemia podemos processar
17,dei 3 estrelas porque o aplicativo e muito vulneravelpois os bandidos clonam ele facilmente e enviam links para os usuarios da caixa para roubar dados deles
18,pessimo aplicativo banco engessado um trabalho do caramba pra ativar o celular pra pagar conta e o aplicativo ainda fica travando e nao funciona roubaram meu celular e ja nao bastasse esse estresse a caixa tem o pior atendimento pra cancelar acesso do dispositivo espero que pra conseguirem acessar minha conta seja tao dificil tao impossivel como eu que nao consegui deslogar o acesso depois de 4hs esperando atendimento por telefone ainda por cima em pleno 2022 e nao conseguindo nada depois de atendida parabens vcs sao os piores
19,a caixa economica sempre foi boa porem apos auxilio emergencial piorou e hoje foi feita um transacao via pix por minha mae foi fraude fiquei 20 minutos no atendimento esperando um atendente que nao atendeu entrei em contato com a nubank foi muito rapido porem tem a contestacao que na caixa ninguem atendeu por todos os canais dinheiro nao esta facil pra ninguem e quando precisamos urgente de ajuda fica pior ainda
20,perdi o meu cartao da nubank e conseguiram fazer uma compra na internet com ele beleza fui no aplicativo contestar a compra e bloqueia o cartao o cartao chegou em casa depois de 3 dias so que o dinheiro que me roubaram por falta de seguranca da nubank so depois de 100 dias ü§°
21,nubank melhorar a seguranca do aplicativo contra roubo e clonagem ü§¨ü§¢ü§Æ criar roupa para trouxa fazer publicidade de graca ü•∞
22,mds o que ta acontecendo com a nubank to vendo varios casos de clonagem de cartao inclusive fizeram isso com o da minha irma pensando seriamente em mudar de banco
23,finalmente cancelei meu nubank e vamos de ter meu 5¬∞ nubank por motivos de clonagem
24,ceciliacarmenl2 ingridsilva nubank nao e julgamento ou critica talvez alerta nao sendo uma clonagem de dados ate um exame pode esperar uma ligacao nao sendo clonagem de dados ou sequestro do outro lado da ponta e consideravel uma ligacao para confirmar
25,ingridsilva nubank ingridsilva moro no estado do es aqui nao esta sendo diferente de outros estados em relacao a roubos de celular pix clonagem de dados bancarios infelizmente esses bancos como o nubank inter sao os que mais os clientes estao no prejuizo tem que ser denunciar mesmo
26,paomofado4 daardo ingridsilva nubank nao tem outra maneira se nao seria clonagem ou roubo nao golpe
27,oyafuso biaabellini saviomarttins caiquenicolau keytisouza ingridsilva nubank ou de que alguem por algum modo lhe clonou ate porque nao tem aviso previo pra clonagem mas tem para enviar uma transferencia voc√™ tem que confirmar concordar e so assim sera enviado e isso
28,esmenia ingridsilva nubank se nao resolver administrativamente lascou o judiciario so esta ressarcindo quem sofreu clonagem essa transferencia voluntaria e culpa exclusiva da vitima que nao teve dever de cuidado
29,ingridsilva nubank infelizmente ta tendo muito golpe clonagem de cartao invasao de conta rouboe os bancos nao estao devolvendo os valores golpe e pior porque na teoria nao tem falha de seguranca do banco
30,ingridsilva nubank eu ja fui gerente de banco e infelizmente o banco nao e considerado responsavel rm caso de golpe so em caso de clonagem nesse caso a gente orientava o cliente a abrir boletim de ocorrencia e prosseguir com queixa crime
31,diegooliveira ingridsilva nubank exatamente deus me livre defender porra de banco mas nenhum banco e obrigado a ressarcer pix se fosse credito ou clonagem de aplicativo era outros 500
32,henrislv nubank dai existe seguro obrigatorio para ressarcimento do valor aconteceu com a minha mae clonagem do aplicativo tu precisa entrar no procon e pedir ressarcimento e comprovar que esse valor nao foi efetuado por voc√™ agora no caso da menina ali nao ela fez
33,lucaslionn newordermyegg daardo paomofado4 ingridsilva nubank ressarcimento em caso de falha de seguranca do banco ou operadora de cartao como clonagem no caso de pix isso nao se aplica porque foi uma transferencia autorizada por ela
34,lucaslionn newordermyegg daardo paomofado4 ingridsilva nubank e no se encaixa uma conta fraudulenta informacoes falsas falsidade ideologica clonagem de documentos ou cartoes
35,lucaslionn gatoblueee ingridsilva nubank amigo fraude bancaria e clonagem invasao hacker eu juro confia em mim eu atuo na area o que ela passou nao foi fraude bancaria foi golpe tipo quando ligam pra uma pessoa chorando que foi sequestrada a pessoa vai la e transfere o din do resgate pois e
36,mariaavelanoli mfernandacardo3 salvemmaria ingridsilva nubank o golpista aplica golpes em serie pix tem de transitar por 1 conta que obviamente nao e a do golpista entao eles usam contas 3¬∞ clonagem troca cartoes alugam contas entrou credito eles zeram saldos imediatamente ate cliente perceber e ir atras a conta destino sim saldo
37,gatoblueee ingridsilva nubank correto o banco so de responsabiliza em caso de clonagem de cartao ou qualquer caso que nao tenha a sua autorizacao
38,ingridsilva nubank voc√™ acessou sua conta fez um pix pra outra pessoa e espera que o nubank simplesmente estorne pra voc√™ o valor nao e assim que funciona infelizmente... nao foi um caso de clonagemroubo acho que faltou atencao da sua parte viu... com tantos casos de golpe e importante verificar
39,um monte de gente relatando casos de fraude usando nubank e o nubank vai e lanca uma funcionalidade dessas usando aproximacao e design centrado na pessoa usuaria que se chama ne ironia httpstcovrvd4yv3bl
40,roubaram o celular de minha filha numa festa ela ligou no dia seguinte para o nubank para avisar e evitar fraude 2 dias depois fizeram 2 compras por aproximacao no total de 70000 e o banco nao quer estornar os valores
41,promocao do nubank a maior fraude da historia
42,pra mim esta claro que a nubank apoia a pratica de estelionato e fraude no brasil
43,simplesmente surreal nubank nao carrega transacoes nao mostra extrato atrasa saldo... acabei de ser vitima de uma fraude e nem consigo fazer um bo porque nao mostram meu extrato
44,meu aplicativo do nubank nao quer entrar automaticamente ja entrei em desespero com o tanto de relato que tem de fraude
45,ja cheguei a gostar muito do nubank mas o sistema de seguranca deles esta preocupante novamente meu cartao virtual foi utilizado num site desconhecido numa compra maior dessa vez ja troquei de cartao umas 4 vzs por isso nubank clonagemdecartao fraude
46,gente aconteceu comigo o fraude do cartao nubank veio ai e com meu cartao virtual fiquem atentos so vi agora porque desativo as notificacoes do celular e to tentando resolver tudo fica o alerta
47,hey itau minha mae de 73 anos foi fraudada e fez alguns pix indevidos para nubank infelizmente nao conseguimos falar com voces ainda bem que o nubank nos atendeu prontamente espero consigam interceptar a fraude
48,parabens nubank em menos de um mes que o novo cartao chegou houve tentativa de fraude novamente vcs vao cancelar este cartao enquanto vcs nao revisarem seus processos de seguranca este tipo de aborrecimento continuara acontecendo nubank fraude
49,nubank vai me dar outro cartao e eu nem pedi fui perguntar e disseram que por causa de tentativas de compras e o sistema identificou como possivel fraude mas eu nao uso o cartao ha 4 meses
50,mds vao quere bloquea meu cartao por suspeita de fraude justo quando quero compra meu ing do trap festival... n√£o posso abrir minha mao que o nubank ja acha que √© fraude ü§°
51,chocado com esse monte de relatos de fraude envolvendo o nubank a sorte e que nao estou movimentando minha conta
52,uma dica de seguranca pra evitar a fraude do nubank e aprender japones e deixar todos os aplicativos em japones a maior parte dos ladroes nao sabem japones entao vai ter dificuldades de operar seu celular
53,considerando que o brasileiro e asqueroso em todo e qualquer aspecto de conduta e carater esse role ai de fraude no nubank vai ser usado pra tirar vantagem pois somos assim chipanzes
54,minha primeira fraude no cartao aconteceu e foi logo no da nubank recomendam eu mudar p outro
55,a analise da nubank demora p crl vai ficar coisa de golpe na fatura pendente porque n√£o vou pagar compra de golpista n√£o sinto muito resolvam ai nubank
56,o meu pedacinho do nubank virou um pedacinho do pedacinho deram o golpe certinho
57,hahahahahahahahahaahaha eu perguntei pra minha mae no wpp se ela podia pagar minha fatura da nubank porque eu ainda nao recebi e ela me ligou pra saber se nao era golpe
58,ja nao bastasse uma semana trash eu quase fui vitima de um golpe no cartao da nubank
59,os caras querem aproveitar que eu to internado pra passar golpe com o nubank pro meu zap httpstcodjdmsuwvfg
60,e alguem tentou me dar um golpe de estelionato combando tinder whatsapp alegando saldo preso na nubank por conta de uma taxa de 3 mil reais a desconfianca ja tava alta essa mensagem aqui foi o ponto final ‚Äî um ctrl voc√™ v porem nao me chamo ale kk fica de alerta homens httpstcoynome8gijo
61,nao sei o que fazer acabei de cair no golpe do falso leilao o site mareli leiloes me roubou as economias caixa nubank justica alguem me ajude
62,minha gente venho humildemente pela ultima vezpelo amor de deus facam um pix de qualquer valor estou procurando empregoe se nao cai em um golpe com dinheiro que tinha fim do mes to trabalhando 78458986000nubank httpstcolvu84hfi7h
63,olha o golpe... nem a opcao de emprestimo no nubank eu tenho mais pedi para desabilitar httpstcovvuww1mo2x
64,nubank para de aumentar meu limite plmdds morro de medo de cair no golpe do nubank e os bandidos estourarem meu limite e ainda roubarem meu dinheiro da conta
65,cai em um golpe de pix e como de costume a nubank cagou pra mais um usuario do app...
66,alugando o cara no chat do nubank logo cedo pra desativar a opcao de emprestimo na minha conta to me precavendo de todos os lados depois que fiquei traumatizada com a historia do golpe do cara que viralizou aqui
67,cai no golpe da nubank clonaram meu cartao e gastaram tudo com uber e ifood
68,toda vez que tem notificacao da nubank e um susto o golpe ta ai
69,porque a nubank n√£o mostra o lugar da compra qndo da negada por falta de limite fico aqui pensando se e golpe ou uma compra esquecida
70,os apps de bancos sao ridiculamente inseguros que e pra facilitar o acesso quanto mais simplificado o acesso mais a probabilidade de voc√™ utilizar servicos do bancos se der algum bo voc√™ for roubado ou cair em algum golpe o problema e seu nubank bancointer itau santanderbr
71,tentando conseguir mais seguidores morrendo de medo de tomar um golpe e nao ter engajamento o suficiente pra ser atendido pelo nubank
72,do nada a porra do nubank aumentou meu limite pra algo assustadoramente alto tao afim que eu me foda no golpe do celular roubado e
73,mds minha gente o nubank caiu se eu levar um golpe eu nao vou pagar fatura e divida nhm
74,e eu com medo do nubank me dar um golpe cade esse aplicativo ativooo
75,o pix do nubank que demorou 30 minutos pra chegar quase infartei obrigada nubank pelo surto de hoje recebi um pix e so apareceu no historico mas o dinheiro nao apareceu na conta eu fiquei desesperada pensei que foi golpe ou me roubaram mas depois de 30 minutos caiu httpstcokgdg9a59tq
76,nubank esta tentando me dar um golpe httpstcoftckgovgun
77,novo golpe do pix dessa vez e o proprio nubank que some com o dinheiro ü§°ü§°ü§°ü§°ü§°ü§°
78,gente pelo amor de deus eu cai num golpe to surtando nubank me ajudaaaaaa
79,eu passaria meudeus dados pro bangchan fazer emprestimos no meu nome igual o golpe da thread da nubank mano ceis nao tao ligad do que eu sou capaz por esse homem
80,e muito bom ter nubank ate que tu leva um golpe com boleto que demora 3 dias para compensar e eles nao conseguem resolver
81,aquelas que nao tem um registo no show por medo de cair no golpe da nubank
82,gente eu vejo tanto post e tweet de gente que tem nubank algo aconteceu tipo golpe ou roubo de celular e eles nao fizeram absolutamente nada para ajudar por que voces ainda tem conta nesse lugar
83,n√£o e golpe do nubank agr e golpe da calcinha
84,e eu que desativei o toutch id e fiquei so cm a senha numerica por medo do golpe do nubank dai quebrei meu celular e n√£o consigo mais por um numero da senha numerica e to sem toutch pra conseguir desbloquear o celular ü§°ü§°ü§°
85,comi um crepe agr na quermesse que tava mei ruim nooss o atendente gatinho me seduziu levei um golpe cade o posicionamento da nubank sobre isso
86,cai no golpe do pombo da nubank
87,gente acabei de cair no golpe do pix comprei um iphone 13 pro max de 1tb por 2500 reais parecia ser tudo certo nubank ja tentei entrar em contato com voces e nao me respondem
88,querido nubank nao sofri golpe nem nada mas se quiser perdoar a fatura desse mes sera maravilhoso
89,ideia vou mandar pix pra mamae fazer um tweet marcando o nubank dizendo que cai no golpe do calango do pix e pedir extorno porque sou cliente ha 5 anos
90,sinto muito mas se voce caiu no golpe do pix a culpa e tua e nao do nubank
91,imagina se a nubank tivesse que arcar o pix de cada um desses cabeca de pica que cai em golpe kkkkkkkkkkkkk estaria quase quebrando ja ces acham que a vida e um moranguinho
92,a muie faz um pix pro golpe e quer que a nubank devolva o dinheiro kkkkkk ela mesmo disse que foi lesada qual foi fia se liga httpstco7xkghspccy
93,o saldo da nubank parecendo que levei um golpe do pix porem so to sem dinheiro mesmo httpstcobiqc3l6kje
94,meu maior medo e sofrer um golpe bancario e o nubank so responder ‚Äúpoxa lamento posso te ajudar dando o telefone da policia que tal‚Äù
95,ain estou quase fechando minha conta na nubank com medo de golpe minha queria fecha a conta e abre o raciocinio que fica mais facil se proteger
96,catarina me dando o golpe da nubank
97,usuario de nubank e exatamente o tipo de pessoa que cai em golpe de pix do zap
98,ai gente cai num golpe horrivel nubank para ver minha reclamacao assista a meus stories meia noite conto
99,o nubank vai acabar com os bancos tradicionais jovens em 2018 embasbacados porque abriram a conta pelo aplicativo cai num golpe e o suporte da nubank nao me ajuda em nada jovens em 2022 embasbacados ao descobrirem que um banco nao pode ser so marketing
100,pra quem nao ta ligado como e golpe do pix fica aqui o aviso voce transfere um dos valores abaixo pra chave pix ce459992517d40bda9c9e9f987652964 espera 5 minutos pra receber o valor correspondente na sua conta nao recebe e faz uma thread xingando o nubank testem agora httpstcojlcsnp8g1y
101,gurias levei um golpe e o nubank nao ajuda minha fatura ta na faixa dos bilhoes
102,‚Äúcai num golpe nubank devolve meu dinheiro‚Äù ai gente as vezes voces forcam tambem ne kkkkkkkkkkkk minha nossa senhora
103,medo de um dia eu tomar um golpe no nubank e meu tweet ter que viralizar pra ser estornado
104,tranquila que nunca vou cair no golpe do pix do nubank pois saldo de tres reais
105,a burrona caiu num golpe e jogou a culpa na nubank kk
106,cai no golpe da nubank gastei cartao no de credito porem n√£o sabia que tinha que pagar depois kkkkkkk httpstconfpbupu3fo
107,eu posso estar na paranoia do golpe do nubank mas tenho certeza que os caras do meu lado acabaram de roubar um celular e tao tentando acessar os aplicativo de banco tudo
108,todo dia alguem caindo numa golpe do pix e os bancos nao resolvendo nada santanderbr ficou de resolver o problema e nada nubank tava envolvido tambem e nem sequer respondeu aos emails e solicitacoes sinceramente ta dificil
109,o do cara que teve o celular roubado e os dados violados sem nenhuma explicacao tem sentido cobrar o nubank um respaldo agora a menina caiu no golpe do zapzipzop e quer ter o estorno de um pix que ela fez digitando a senha dela
110,golpe do pix kkkkkkkkkkkkkkkkkkkkkkkkk nubank kkkkkkkkkkkkkkkkkkkkkkkk
111,eu nao sei se rio mais de quem comprou acoes do nubank ou de quem leva golpe e nao consegue ressarcimento do banco primeiro que sofrer golpe e coisa de burro segundo que
112,veio notificacao da nubank de uma compra de 2 mil e bofetada que foi negada eu achando que era golpe de algum estranho
113,e uma se queixando do nubank mas so conta o tipo de golpe que sofreu na conta do insta segue la dja palhacada
114,comprei algo futil nubank cai num golpe mi ajuda
115,ain gente o golpe que cai no picpay e na nubank o golpe httpstcoadardmopr9
116,a menina cai num golpe de pix nubank pfvr devolva meu dinheiro o golpe comprou um aparelho que custa 10 mil reais por 99990 nao desconfiou que e golpe e a culpa e do banco
117,‚Äúcai num golpeeeee nubank me devolve agora meu dinheiro ‚Äù o golpe comprando geladeira de 7 mil reais por apenas 50000 atraves do instagram do amigo que ta vendendo pra um primo de um conhecido que ta de mudanca
118,acabei de fazer uma compra cara pela internet paguei por pix pelo nubank fui retirar agora abri a caixa e nao era tijolo era exatamente que comprei hoje vou dar paz pro nubank hoje nao teve golpe obrigada deus
119,essa fita do nubank so me lembra a vez que eu cai em um golpe dei dinheiro pra um cara achando que ele era o padre aqui da rua e me lasquei ü§°
120,ba as pessoas caem nuns golpe de josnel e ficam ai nubank me ajuda eu sou idiota me ajuda pff pega na minha maozinha aqui e me ensina a nao ser um mangolao porra 2022 e caindo em golpe de pix agendado
121,cara to vendo tanta gente falando de golpe e do atendimento pessimo que a nubank presta que to pensando seriamente em voltar ao tempo dos meus avos e guardar dinheiro no colchao
122,todo dia aqui alguem falando que tomou golpe pelo pix e culpando a nubank mas nao vi ninguem explicando como foi que deram o golpe
123,galera quem ai tem conta na nubank e quer fazer um pix de 1000 a 50000 na minha conta pra depois falar que caiu em golpe aproveita que ta em alta bjs
124,a menina vem no twitter cai em um golpe entrei em contato com a nubank e nada fizeram mais detalhes no meu insta
125,todo dia golpe no nubank
126,esse povo ta tudo tomando golpe mesmo ou √© truque pra hittar que aconteceu desaprenderam golpe nubank
127,nubank tb cai em um golpe o golpe da auto indulgencia me ajuda
128,do jeito que ta os lesado do twitter amanha aparece um falando que levou golpe do principe nigeriano e o nubank tem que resolver
129,esses relatos de nubank golpe do pix daqui a pouco o nubank vai fazer um teste de qi pra pessoa poder acessar a propria conta
130,a vontade de dar um tiro na minha costela a cada vez que eu vejo cai no golpe do pix e o nubank n√£o me ajudou cresce cada vez mais
131,a mona cai em golpe do pix faz stories e pede pra nubank ir la assistir pra entender o caso vsffffffffffffffffff httpstcollgaqyfdj4
132,inacreditavel sofri um golpe na minha conta do nubank e eles nem sequer me ajudaram ou demonstraram empatia pra saberem o que aconteceu se inscrevam no meu onlyfans
133,altos relatos de golpe na nubank que eu ate tirei meus 7 reais de la e passei p inter deus me livre perder meus 7 conto
134,quem caiu no golpe do nubank gargalhada paulistanos aprendendo a fazer lancamentos de acoes a la robber barons
135,essa nao cai num golpe me disseram que estavam com a minha filha e eu precisava enviar 3k pra eles e eu enviei mesmo nao tendo filha nubank me ressarce por favor
136,uma pessoa reclamou que sofreu golpe no nubank e agora um monte ta falando que sofreu tambem httpstcoxqzoalswui
137,cai no golpe da shein fui vendo o site quando me dei conta tinha um valor muito significativo na minha fatura nubank eu acho inadmissivel uma falha de seguranca como essa no sistema de voces
138,eu tambem cai num golpe do nubank fiz uma solicitacao de r250000 pro akaguigo e ate agora o dinheiro nao chegou
139,todo dia alguma thread do povo contra o nubank que caraleo e isso olha que eu n√£o gosto da empresa mas onde raios a nubank tem culpa pela mulher parecer aceitar cair no golpe se ela ainda tivesse explicado tava ok mas nem isso ai complica ne
140,depois dessa resposta do nubank concluo que tem que ser muito burro e mau informado pra cair nesse golpe literalmente seu ‚Äúbitcoin‚Äù sera apenas um numero na tela e nada alem disso httpstcotj2frvwmfh
141,to ate agora pensando na muie que caiu no golpe do pix e tava reclamando da nubank
142,virou febre falar que teve golpe e a nubank nao esta ajudado
143,botei o bloqueio de aplicativo na xiaomi espero nao cair no golpe do nubank
144,eu achei que nunca teria de fazer esse alerta mas ca estou eu cai em um golpe bancario gastei todo o dinheiro que havia na minha conta e o banco nao repos nadinha pior que os criminosos nem tiveram acesso ao meu smartphone me ajuda nubank beb√™ santander bradesco caixa itau
145,imagina culpar a nubank por ser burro de cair em um golpe onde voce transferiu o dinheiro por pix pra uma conta errada por livre e espontanea vontade
146,nubank eu tambem cai em um golpe gastei 50 mil na shopee sem querer poderiam me reembolsar pfvr
147,que historia e essa da menina que pegou o uber e o motorista soltou um spray que ela ficou doidona e caiu no golpe do pix e o nubank nao quer devolver o dinheiro
148,nunca cai num golpe usando o nubank e nunca tive dificuldade de resolver problemas na plataforma trabalho numa area de gestao de riscos e minha experiencia me diz que o usuario quase sempre e o principal responsavel por seus prejuizos porque nao toma os devidos cuidados
149,coitado de quem tentar um golpe na minha conta do nubank httpstcoyj78aqvzoj
150,pensando em cancelar meu cartao da nubank tanta gente reclamando de golpe que estou com medo
151,um golpe do nubank onde a pessoa invade a minha conta e paga a minha fatura
152,cai num golpe do pix alo nubank httpstcowlxijkkv63
153,aumentar o engajamento falando que levei golpe e o nubank nao quis me ajudar
154,eu pisco e tem mais uma thread no twitter sobre golpe na nubank xente que isso tem caroco nesse angu
155,acabei de cair num golpe minha mae pediu pra passar as compras da renner no meu cartao e se recusa e repassar o valor das parcelas pra mim o que o nubank vai fazer a respeito ein sou cliente ha mais de 3 anos
156,fui ver os stories da cacadora de likes que estaria sendo injusticada pelo nubank golpe do whatsapp o nectar da culpa exclusiva da vitima mas o banco tem que ser responsabilizado porque o tuiteiro quer
157,e a tour da moca que caiu num golpe fez o pix voluntariamente e agora esta reclamando do nubank e geral nos comentarios marcando o nubank e a anitta kkkkk querem caridade do banco gente kkkkk e cada uma
158,hoje sofri um golpe no cartao do nubank mas ao contrario do cara que levou um golpe de milhoes o golpe que tentaram dar em mim foi de centavos 89 centavos especificamente golpistas melhorem kkkkkkkkkkjj
159,toda semana alguem levando golpe no nubank os caras desistiram de investir na seguranca do banco
160,o nubank nao resolve fraudes mas basta um esperto que esta completamente errado dizer que caiu em um golpe para que eles congelem seu saldo eu em outra cidade sem poder resolver o pepino agora sem um real no bolso e com meu saldo congelado
161,nubank eu cai num golpe por favor me ajuda aqui e me transfere 100 mil
162,a galera falando sobre golpe do pix no nubank gracas a deus sou imune a isso meu saldo e 0 ü•±
163,agora todo dia aparece uma thread falando galera acabei de sofrer um golpe da nubank comprei um iphone no cartao e depois me cobraram tipo oi estou sendo lesada por favor galera alguem faz alguma coisa httpstcofjrjgxyhau
164,se a nubank ter que estornar o dinheiro de todo o golpe que as pessoas cairem a empresa vai falir acho que ate pra culpar o banco tem limite
165,sobre o golpe do pix do nubank o sistema bancario brasileiro tem um bom nivel de seguranca no geral mas infelizmente nao e a prova de gente burra
166,os cara cai em golpe de pix e quer cancelar a nubank vai te fuder tu que e burro pra krl kjjjjjjjjjjjjjj
167,esses casos de golpe me lembra que a ifood debitou 90 conto no debito da nubank e mesmo na hora eu reclamando nao recebi meu dinheiro de volta ate hoje
168,dois casos do nubank o do brando que voltou de barcelona com pix de 90 mil e o da prefira que levou um golpe e ta pedindo ajuda adivinha qual caso ta cheio de comentario de gente rindo aquilo emicida ‚Äú a dor dos judeus choca a nossa gera piada‚Äù
169,tambem cai num golpe da nubank aceitei ter um cartao de credito
170,nova trend do twitter cai num golpe nubank me ajuda kkkk
171,longe de mim defender instituicao financeira o mal do nubank e nao ter vidraca pra quebrar mas esse babado do golpe do pix que a moca foi vitima nao deve ter solucao nao e pra cobrar regulamentacao tem que ir em cima do bacen pra evitar que esse tipo de golpe se perpetue
172,cada dia que passa e uma thread nova sobre golpe no nubank
173,todo dia vendo um negocio de gente caindo em golpe e a nubank nao fazendo nada e to ate ficando preocupada que quase tudo eu guardo la
174,nubank eu tambem cai num golpe e fiz um pix sem querer no valor de 50 mil reais voces poderiam me estornar sou cliente a duas decadas
175,ta na hora da nubank criar uma politica de protecao a golpes melhor pros clientes todo dia eu vejo relato de gente saindo lesada e hoje eu mesma passei por isso mesmo anexando o bo ao pedido de contestacao e explicando o golpe que sofri foram are 116200 perdidos e ningu√©m faz nada httpstcooji3kfusyu
176,pensando em tambem culpar o nubank pelo golpe que levei da minha propria consciencia que me fez gastar mais dinheiro do que eu ia receber esse mes
177,quanto mais vejo gente caindo em golpe pelo nubank mais eu agradeco por ter sujado meu nome e terem cancelado o cartao pra mim
178,a cada dia que passa nubank so vem me decepcionando um monte de gente caindo em golpe e a empresa cagando para as vitimas atendimento ao cliente um lixo
179,‚Äúcai em golpe de pix e a nubank nao ajuda‚Äù burra pa caralho e a culpa e do banco
180,nossa tanta gente caindo em golpe com o nubank to ate com medo
181,a pessoa que for me dar golpe no nubank ta mais do que fodida mesmo
182,ai pelo amor de deus cai no golpe do pix nubank devolva meu dinheiro flor voc√™ transferiu dinheiro pra uma pessoa que apareceu do nada
183,mais um golpe de pix mais uma vez as pessoas pedindo ajuda pro nubank e eu to assim ü§è de deletar o aplicativo do itau do meu celular que perturbacao viver com medo de tudo
184,a fala serio tu caiu no golpe mais caricato de pix e quer que o nubank te devolva o dinheiro pelamordedeus filho a burrice foi tua
185,entao quer dizer que revelar a modalidade de golpe sofrido na conta do nubank is the new cha de revelacao de sexo do bebe nos stories da rede ao lado ü§¶ü§¶ü§¶
186,todo mundo levando golpe na nubank e
187,a bicha cai em golpe de pix e culpa a nubank por n√£o ter mais opcoes de seguranca no apppelo amor kkkkk
188,cai num golpe do nubank curte pra parte 2
189,cara essas paradas de golpe com o nubank tao me deixando meio surtada
190,muito inclinado a criar um relato de golpe envolvendo recrutamento via whatsapp ganhe 900 4000 mil reais de casa e a falta de suportr do nubank
191,eu to assustada com tanto de thread de golpe e todos tem conta no nubank eu tenho conta no nubank e to traumatizada
192,todo dia um golpe no nubank ainda bem que nem tenho conta nisso
193,o pessoal tambem viaja muito a menina cai num golpe e quer que a nubank devolva o dinheiro dela ü§∑‚Äç
194,a galera falando mal cada vez mais do nubank to ate com medo de usar esse banco fora que minha portabilidade do salario e nele ficando voc√™ medo ja eu como classe fodida trabalhando pra sobreviver cair em um golpe eu infarto
195,que tanto de golpe envolvendo a nubank e esse credo
196,toda notificacao da nubank eu acho que e golpe
197,mais uma pessoa dependendo da nubank porque caiu em golpe se for comigo o golpista pode se passar por quem for que gracas a deus n√£o tenho dinheiro pra emprestar tenho nem pra mim
198,hoje tomei um golpe do pix em um valor alto e o nubank falou que nao pode fazer nada e depende da boa vinda do golpista me devolver obrigado nubank
199,cara sou cliente nubank desde 9052016 e sinceramente to ficando receoso de continuar sendo relatos de problemas com a seguranca do aplicativo falta de auxilio em casos de vitimas de golpe somados ao fato de que nunca recebi nada mesmo sempre pagando antecipadamente tenso
200,a pronto parece que virou moda cair em golpe de pix e reclamar que o banco nao resolve instantaneamente nubank
201,ah nao mais uma thread de golpe com cartao nubank eu vou morrer de ansiedade
202,toda semana um relato de golpe diferente na nubank vou procurar outra instituicao
203,eu nao tenho quase nada no nubank mas estou com muito medo de levar um golpe porque quase todo dia ta acontecendo isso com o nubank terei que fazer igual meus avos guardar o meu dinheiro no colchao
204,o tanto de gente que e cliente da nubank sendo roubadalevando golpe e o proprio banco nao ajudando em nada ta ficando preocupante
205,todo dia uma pessoa caindo em golpe da nubank e eu com medo porque abri conta esses dias
206,quase tomo um golpe no meu cartao agora gracas a deus que o nubank automaticamente notou que era suspeito e nao autorizou a compra que susto
207,a nubank ta na maior vacilacao ne segundo caso ja que vejo com negocio de golpe e ele nao fazem nada
208,a menina querendo culpar o nubank porque ela caiu num golpe do ‚Äúmudei de numero faz um pix ai pra mim‚Äù so pode estar de sacanagem
209,toda hora abrindo o twitter e vendo alguem caindo em golpe tendo pix feito indevidamente na conta do nubank e etc a parte boa de ser apenas um pobre infeliz e que voce nao precisa se preocupar com golpe porque nao tem da onde o ladrao tirar
210,eu lendo aterrorizada mais um caso de golpe e perda de dinheiro no nubank eu aliviada lembrando que sou uma fudida e nao tenho dinheiro na conta pra ser roubada ‚Äçü§°
211,apareceu um tweet daqueles de assuntos sugeridos pra mim o assunto era fintech e o tweet era uma pessoa reclamando do nubank dizendo que sofreu golpe e que eles nao iam devolver o dinheiro kkkkkk nada de novo
212,gente por deus clonaram o celular do amigo de uma mona mandaram mensagem pra ela fingindo ser ele pedindo um valor altissimo de pix ela foi la e fez a transferencia depois viu que era golpe e ta exigindo que o nubank devolva o money... √© mole
213,que vergonha essa menina ta passando por causa desse golpe do pix o nubank nao √© obrihgado a devolver o nubank nao pode criar leis
214,nubank tinha falha de seguranca que facilitava roubo de dinheiro usando o gmail httpstcoxz5uezsz54
215,nubank tinha falha de seguranca que facilitava roubo de dinheiro usando o gmail httpstcodf0arjhfxg httpstcowjk4xvuhb0
216,nubank tinha falha de seguranca que facilitava roubo de dinheiro usando o gmail httpstcoe5kdc7io5y httpstcogme5k08hi1
217,nubank tinha falha de seguranca que facilitava roubo de dinheiro usando o gmail httpstcojh6kakxtlj
218,nubank tinha falha de seguranca que facilitava roubo de dinheiro usando o gmailhttpstcotm9blqgyzb
219,semana passada ai meu deus roubo de celular thread do nubank vou so usar cheque que absurdo hoje ah entao a minha senha do celular e o aniversario do meu cachorro fido que nasceu em 30 de fevereiro e
220,on youtube thread assustadora sobre roubo de celular com aplicativo do nubank httpstcogojplg8oyc
221,thread assustadora sobre roubo de celular com aplicativo do nubank httpstcof1qtzxaj1q via youtube
222,duvida sobre roubo de celular e desvio de dinheiro via pix apesar do limite alto nao precisa de senha pra isso no nubank precisa de senha pra qualquer transacao via pix pagamento transferencia etc
223,thread assustadora sobre roubo de celular com aplicativo do nubank httpstcoeaaemkuilk via youtube
224,he nubank bandidos fazendo a festa com roubo de celulares e o aplicativo de voces so deixa logar com biometria ou passcode se o malandro pede tem a senha do celular ele rouba toda a minha grana no aplicativo sabia vamos melhorar essa seguranca ai urgente por favor
225,thread assustadora sobre roubo de celular com aplicativo do nubank httpstcoetgedg4f10 via youtube
226,caralho mano qh3 odio porque em caso de perda ou roubo a remissao do cartao c6 bank e are 2000 o nubank faz remissao de graca afffs
227,aloadt sobre a thread do nubank geralmente no ato roubo o ladrao pede a senha inclusive destrava na hora pra confirmar passei por isso
228,meu amigo negocio desse da raiva viu vao trabalhar e o melhor que voces fazem roubo cartao clonagemdecartao credito nubank maisseguranca httpstcoap2mkmz4k7
229,rt tecnoblog nubank tinha falha de seguranca que facilitava roubo de dinheiro usando o gmail httpstcojh6kakxtlj
230,rt gdgknews nubank tinha falha de seguranca que facilitava roubo de dinheiro usando o gmail httpstcoxz5uezsz54
231,rt tecnoblog nubank tinha falha de seguranca que facilitava roubo de dinheiro usando o gmail httpstcojh6kakxtlj
232,rt tecnoblog nubank tinha falha de seguranca que facilitava roubo de dinheiro usando o gmail httpstcojh6kakxtlj
233,rt tecnoblog nubank tinha falha de seguranca que facilitava roubo de dinheiro usando o gmail httpstcojh6kakxtlj
234,rt tecnoblog nubank tinha falha de seguranca que facilitava roubo de dinheiro usando o gmail httpstcojh6kakxtlj
235,rt tecnoblog nubank tinha falha de seguranca que facilitava roubo de dinheiro usando o gmail httpstcojh6kakxtlj
236,rt talesofmystory semana passada ai meu deus roubo de celular thread do nubank vou so usar cheque que absurdo hoje ah entao a mi...
237,rt talesofmystory semana passada ai meu deus roubo de celular thread do nubank vou so usar cheque que absurdo hoje ah entao a mi...
238,rt talesofmystory semana passada ai meu deus roubo de celular thread do nubank vou so usar cheque que absurdo hoje ah entao a mi...
239,rt talesofmystory semana passada ai meu deus roubo de celular thread do nubank vou so usar cheque que absurdo hoje ah entao a mi...
240,netotheboralli nubank mas eu falo que e furada por causa dos roubo memo esses dias teve mo thread do mano que perdeu ate a dignidade por causa da seguranca do aplicativo kkkkkkkk agora quanto a andar com pano de banco temos um consenso de que e feiao
241,nubank e o que a gente pediu sobre o aumento da seguranca do aplicativo em caso de roubo ou golpe e o atendimento ao cliente nessas situacoes ta funcionando bem nunca vi ninguem pedindo pra dar mais dinheiro pra voces enquanto o nosso nem sabemos se esta de fato protegido
242,nubank e seguranca contra golpe e roubo de senha vai ter quando
243,ingridsilva nubank virou infelizmente um inferno na vida do trabalhador esse roubo atraves do pix eles estao fazendo ate contas laranja estamos sem seguranca nos nossos bancos parece que eles levam alguma coisa com isso nos jornais da tv tem denuncia direto dos golpes da gang do pix
244,cryinginswift coloquei o da nubank pela mesma finalidade que voc√™ vou a sp esporadicamente e o medo e real e mais barato que o dos demais e cobre tb danos ao telefone alem de roubo e furto mas tem 30 dias de carencia
245,saviomarttins oyafuso erikaserejo2 ingridsilva nubank assim e facil ne qualquer pessoa vai sair fazer transferencia alegar roubo e o banco sai no prejuizo nao to falando que foi o caso mas que pode acontecer ate porque nosso pais e o pais dos espertos ela fez a transferencia por conta dela e nao por erro do banco
246,bxbia mxavier96 aursinhapanda ingridsilva nubank nunca se devolve um pix com outro pix voce precisa comunicar o banco para reverter o pix errado porque mesmo que esteja tudo certo o banco pode pegar devolta o pix indevido por se tratar de roubo
247,mwlmel jxxlia ingridsilva nubank mas ele perdeu por causa de roubo amiga nao foi ele quem fez as transacoes fizeram no nome dele ela que fez a transacao no nome dela entao ela e responsavel
248,genocidebrazil rogerlirx gatoblueee ingridsilva nubank passa por analise bancaria a nao ser que seja uma falha do baco entao ocorre sim a devolucao mas em caso de roubo fraude e de responsabilidade do cliente em manter esses dados seguros
249,ingridsilva nubank mais que isso num passado ainda recente os bancos eram responsabilizados por golpe sofrido na agencia por furtoroubo na frente de suas agencias dentre coisas mais e impossivel que um servico tao essencial a economia nacional seja fragil e meio de golpes sem responsabilidade
250,96sromanoff isso eu tamb√©m vi por isso nao tenho nubank fora que em roubo eles sao horriveis pra ajudar
251,lucianamarque50 ingridsilva nubank mas ai e um problema da pessoa o banco nao tem nada haver com o fato de voc√™ ter sido ingenuo se seu celular e roubado a samsung por exemplo nao tem culpa pelo o roubo e a mesma coisa com o nubank nao foi falha no sistema de seguranca
252,umseranonimous mateusvini55 ronconithaissa heirisoncaetano deianunes5 arieleletrica ingridsilva nubank conheci uma pessoa que forjou um assalto chamou a policia e tudo e forjou um roubo de um iphone pra ganhar outro do seguro...
253,ingridsilva nubank tenho 2 smarphones e um celular multilaser 2 chips flip sem navegador de internet compra marco2020 que uso para sair de casa os outros so em casa e nao tem aplicativos financeiros neles ha anos tinha medo do que agora e real roubo para sacar dinheiro por smartphones
254,alguem tem o fio da moca que da varias dicas de como nao cair em golpes e dicas de seguranca pix nubank etc
255,po nao e possivel que essa parada de seguranca do nubank chegou pra mim tao simplesmente me roubando nubank
256,mais um caso de celular roubado na timeline e com limpa nas contas e cartoes o que os bancos estao fazendo pra melhorarem a seguranca dos apps cc bradesco bancodobrasil itau santanderbr nubank bancointer
257,clonaram meu cartao de novo tentaram fazer compras totalmente aleatorias e a seguranca do nubank falhou eu vou √© cancelar essa conta
258,nubank n√£o tem seguranca decente pra impedir que clonem cartao e ainda querem que eu pague a fatura e mole
259,clonaram meu cartao da nubank mdss esse banco esta com o sistema de seguranca horrivel httpstcorqmzutctfl
260,clonaram meu cartave de uma amiga quase ao mesmo tem qual banco nubank se a nubank n√£o melhorar com a seguranca eles fecharam n√£o tem condicao comigo ja √© a segunda vez
261,eu acho a seguranca do banco do brasil muito boa nao sei em relacao a golpes e essas coisas como eles atendem mas eu nao tiraria meu dinheiro de la pra por no nubank o empresarial deles precisa de varias etapas com senha e qr code pra poder fazer transferencias
262,toda semana alguem levando golpe no nubank os caras desistiram de investir na seguranca do banco
263,sobre o golpe do pix do nubank o sistema bancario brasileiro tem um bom nivel de seguranca no geral mas infelizmente nao e a prova de gente burra
264,utilidade publica pra quem tem o roxinho dica de seguranca caso perca o celular ou seja roubado acesse gt httpstcovp8snolayk e clique em login digite seu cpf e sua senha senha pra entrar no aplicativo nao e a senha do cartao a carregar essa tela clique em ‚Äúestou sem cel‚Äù httpstcosgyqeqwzrt
265,a bicha cai em golpe de pix e culpa a nubank por n√£o ter mais opcoes de seguranca no apppelo amor kkkkk
266,cara sou cliente nubank desde 9052016 e sinceramente to ficando receoso de continuar sendo relatos de problemas com a seguranca do aplicativo falta de auxilio em casos de vitimas de golpe somados ao fato de que nunca recebi nada mesmo sempre pagando antecipadamente tenso
267,vcs nos dao a opcao de cartao de credito mais a gente que tem que depositar o valor pra se tornar credito isso e roubo se eu tenho o dinheiro e melhor pagar a vista o credito seria uma emergencia mais ai vcs pegam o que e depositado e nao tem mais o credito e o dinheiro que e depositado pra onde vai acho isso errado nao recomendo vcs pra ninguem cambada de safado
268,tenho o cartao de credito a pouco tempo mais ja estou pra casela pois e uma fabrica de multas o dia deu paga e 26 mais so recebo dia 31 se eu passa 3 ou 4 dia pra paga o boleto vem um juro abisundo quaise 70 reais de juros fora que pra sacar o dinheiro cobrar tamb√©m tenho o digito o pagamento e dia 20 e eu pago no final do mes junto com o nubank e eles nao cobrar nem um juro isso e um abisundo fica refem de juros que nunca acaba vou terminar de paga e cacela nao gostei desse cartao roubo
269,um roubo voc√™ tem que por seu proprio dinheiro como credito e paga fatura do seu proprio dinheiro que voc√™ pos como credito eles nunca da limite n√£o e todo mentira voc√™ tem que faser do seu proprio dinheiro e paga fatura do dinheiro que voc√™ mesmo pois como credito ridiculo ser roubado asim na cara dura
