,reviews_classified_all
0,o aplicativo ate que e bomacho ruim so pra cadastrar senha eletronica do pixdeveria resolver no aplicativo sem precisar ir na agenciatirando isso tudo certo
1,excelente aplicativo de facil acesso e operacional
2,por favor alguem pode me ajudar faz um mes que nao consigo acessar minha conta so da erro 02 20 e quando tento fazer um novo usuario ficar aparecendo erro 403 eu ja liguei na central e nao resolvem e ja desistalei o aplicativo e nada por favor preciso usar o aplicativo e essa nao e a primeira vez que isso acontece
3,muito bom o aplicativo so me estresso as vezes sobre a senha eletronica quero mudar porque esqueci e nao posso dar senha bloqueada sei que e uma seguranca mais se e a pessoa que estar usando concerteza quer mudar porque esqueci
4,voces para mim sao asquerosos e repugnantes tenho nojo de preguicosos e e o que voces sao maltratam a populacao nas agencias abarrotadas e sem acomodacao para todos que ficam la 234 horas ontem 26042022 estive na agencia 1502 da clsw 504 sudoeste e informo ao preposto que veio aqui responder que voce deveria ir a esta agencia e ver o tamanho da arrogancia e preguica dos seus colegas que la fingem trabalhar cheguei la as 1115 e sai as 1330para encerrar uma miseravel conta poupanca voces nao respeitam a lei distrital 2547 de 2000 que estipula 30 minutos de permanencia maxima na fila em dias de pico e 20 minutos em dias normaise ainda tem aquelas portas giratorias para causar mais contrangimentos ao cidadao voce preposto deveria conhecer a lei 13294 de 2016 que fala que voces tem 10 dias a partir do encerramento para emitir a carta de quitacao e eu ja o fiz no inicio deste mes jamais voltarei a uma agencia maldita desta caixa prefiro morrer de cancer retal a conversar ou ter qualquer relacionamento com gente ruim e preguicosa cara vem aqui conhece a lei e nao dispensa ao cidadao os documentos que ele pede por isto nao devo respeito a caixa economica federal pois prevarica e age com desidia desobedecendo duas leis uma distrital outra federal a carta de quitacao de debitos nao se confunde com as informacoes do registrato do banco centraltanto e que enviei 4 exemplos dela do c6bankpagbank citi e digioe para acessar as informacoes do registrato eu mesmo faco por minha conta e meios a carta de quitacao de debitos nao e um favor nem uma liberalidade que o banco faz e sim uma obrigacao hoje 27042022 de manha estive na caixa setor bancario sul quadra 01blocol e iria ao 11¬∞andar na ouvidoria mas quando la cheguei na recepcao fui informado que nao ha atendimento fisico outra vergonhanas agencias um atendimento moroso para procrastinar situacoes e judiar do cidadao e na ouvidoria ficam escondidos respondendo emails de forma automatica como robos sem me trazer solucao alguma vergonha alehia eu tenho de voces pode encerrar ogao gestor senacon eu vou fazer essa demanda no procondf e aguardar a outra demanda no banco central meu tempo e preciso para perder tempo com os preguicosos e desobedientes da lei da caixa economica federal uma vergonhaum fiascoum farrapo de banco que presta desservicos a populacao principalmente aos humildes que desconhecem as leis do consumidor e nao conhecem ainda esta plataforma consumidorgovbr se ainda sim o banco central e o procondf nao conseguirem me ajudar irei ao tribunal regional federal contra este banco horroroso nao temo ninguem pois quem tem a verdade dorme tranquilo e nao o sono dos preguicosos apostolo paulo ja dizia ‚Äúquem nao quer trabalhar que nao coma‚Äù1‚Äù sem mais
5,e pratico de usar porem muitas vezes tenho dificuldade de acesso devido ficar fora do ar quando tento acessar diz que nao foi possivel e manda tentar mais tarde
6,ganhei um novo celular do meu namorado e desinstalei o aplicativo do outro aparelho agora nao consigo ter acesso com esse novo dispositivo
7,pessimo aplicativo a caixa ja deveria estar mergulhada na era digital eu esqueci minha senha liguei para o sac e pediram pra ir a uma agencia fiquei 6 horas na fila e descobri que minha senha tava bloqueada fiz o suposto desbloqueio e ao acessar o aplicativo a senha nao funcionou no aplicativo nao ha opcao alguma para recuperar a senha ou fazer outra senha inadmissivel ter que faltar trabalho para desbloquear uma senha que deveria ser feito pelo proprio aplicativo vcs estao com nota zero horrivel
8,poderia melhorar varias vezes me deixou na mao pois o pix nao funciona ou porque do nada meu acesso por digital desaparece
9,aplicativo esta horrivel nao consigo acessar a dias
10,pessimo nao tenho mais acesso a minha conta fica mandando ir num caixa eletronico para atualizar o aplicativo eu vou coloco o cartao e nao resolve nada isso e uma palhacada
11,cheio de falhas 2 meses que nao consigo acessar minha conta com esse aplicativo
12,toda hora da senha errada sendo que uso a mesma senha sempre depois das ultima atualizacoes nao consigo mais acessar o aplicativo ficou muito ruim esse aplicativo
13,nao consigo acessar minha conta
14,o aplicativo esta horrivel nao consigo acessar minha conta ta pessimo
15,o aplicativo esta ha dias sem acesso ao menu habitacao quando clico para entrar aparece a mensagem servico temporiamente indisponivel
16,nao consigo acessar o aplicativo ao tentar fazer loguin aparece uma mensagem com o codigo 02 22 ja desinstalei e instalei novamente alem de fazer todos os outros procedimentos disponiveis no site da cef isso aconteceu apos a ultima atualizacao
17,horrivel dificil de redefinir nova senha eletronica
18,pessima nao consigo acessar a conta ü§Æü§Æ
19,nao consigo mais acessar a conta
20,apos a atualizacao nao e mais possivel acessar a conta da erro tzb12
21,devez enquanto sai do ar dificil acessar
22,o aplicativo esta com problemas para acessar
23,tem um acesso muito bom
24,nao consigo acessar o aplicativo
25,faz tempo que o aplicativo caixa foi destalado agora estalei de novo coloco os mesmo dados e senha mais nao ta dando certo porque
26,aplicativo proveitoso porem o pix tem trazido alguns transtornos com o bloqueio da senha sem justificativa plausivel
27,de facil acesso para as minhas neceasidades
28,otimo porem com algumas inconsistencia no acessar com biometriaestava assim a alguns dias atras agora melhorou
29,nao e confiavel se fosse nao pediria toda semana para cadastrar usuario e senha e agora querem que a gente vai ate o caixa cadastrar o celular um lixo desinstalar e trocar de banco
30,muito pratico e funcional agil no acesso
31,dei apenas 1 estrela pois se voce fica mais de 1 semana sem usar aparece usuario bloqueado sem contar que as vezes nao entre de primeira da erro e na segunda ou terceira tentativa voce consegue acesso poderiam verificar esses bugs sem contar que se consegue contratar credito direto pelo aplicativo se nao da porque tem a opcao entao
32,otimo p acesso remoto
33,e de grande necessidade para informativos outros fatores e complicado tem ir no banco dificuldades em filas e senha
34,nao consigo acessar o aplicativo
35,estou tendo um problema com o cadastro de apelido para o disposio celular depois de uma atualizacao que teve nao consegui ter acesso ao mesmo pois nao sai da tela do apelido ja deixei mais de horas na tela e nao avanca se alguem conseguir me ajudar eu agradeco
36,rapidez facil acesso
37,nao funciona esta pessimo toda vezes gue abro meu pixvem dizendo usuario nao encontraja estou cansadas de fazer senha
38,nao sei o que esta acontecendo fui acesar com a minha senha deu errado e o aplicativo mostra que ta atualizado mas nao esta nao consigo mais acessar minha conta o aplicativo deu uma melhorada
39,nao consigo acessar meu aplicativo
40,ja foi bom agora esta pedindo para ir na agencia para liberar o acesso ao aplicativo nao compensa ir pegar aquela fila toda vez que o aplicativo atualizar
41,nao consigo cadastrar usuario e senha
42,bom mais acesso com digital nao funciona problema resolvido
43,aplicativo muito bom porem agora para ver ate o saldo tem que liberar o acesso no caixa eletronico isso nao e nada pratico se eu quisesse e pudesse ir naquele momento no caixa eletronico eu ia e nao tentava nada pelo aplicativo ne falta praticidade
44,pessima a atualizacao pede sempre para ir ao banco para atualizar a senha nao completa o acesso no aplicativo pela internet
45,otima navegacao facil acesso
46,sempre se pode melhorar poderia ter como repetir as apostas quando ha um erro de digitacao na senha poderia poder corrigir e efetivar o pgto da conta sem precisar redigitar todos os dadosmas e um aplicativo muito eficiente mais uma coisa se tudo se pode fazer de forma digital porque nao se pode consultar de de 3 5 anos atras ter que ir a agencia pleitear isso e um retrocesso em algo que esta funcionando tao bempor favor revejam isso fora os assuntos relacionados a seguranca desnecessario
47,muito confuso na opcao senha nao tem esqueci senha
48,muito bom o aplicativo acesso com rapidez e sem dificuldades
49,o aplicativo e bom exceto quando a gente nao consegue acessar e da erro
50,facil acesso
51,estou tendo varios problemas com esse aplicativo digitando a senha e informa que esta errada pedindo para a liberacao no caixa eletronico
52,frequentemente ha o bloqueio da senha sendo que acessa pela primeira vez no dia
53,aplicativo muito bem elaborado e de facil acesso
54,porque o aplicativo tem que ter acesso ao meu celular e minha localizacao qual a necessidade disso agora o aplicativo ta muito bom
55,muito pratico e facil de acessar
56,e bom mas sempre pode melhorar as vezes nao reconhece a senha e preciso recadastrar
57,muito bom sempre consigo acessar
58,poderia ser mais facil o acesso pelo aplicativo tipo criar senha para uso to aplicativo pra poder realizar as transacoes sem precisar iate um caixa eletronico para validar muito chato isso ate agora nao faco uso do aplicativo alem de ver meu saldo por causa dessa burocracia
59,aplicativo horrivel todo momento pedindo para esta criando senha e usuarios
60,hoje o acesso melhorou
61,aplicativo nao vale nada pedi pra recadastra senha e faco tudo de novo e nao entre desepicionada viu
62,era e continua pratico e agil bom tambem o acesso ao extrato do inss embora haja limitacao para o acesso uma dificuldade e com a troca de senhas tive a conta invadida por hackers alem de ter de buscar na justica a possivel devolucao do dinheiro a conta as senhas depois desta invasao nao consigo refazer estao bloqueadas ainda mesmo depois de ir pessoalmente a uma agencia e trocar a senha voltaram a serem bloqueadas para operacoes via aplicativo
63,aplicativo pratico e de facil acesso
64,parou de funcionar do nada nao reconhece usuario e senha
65,so nao consegui fazer pix ja desbloquei a senha varias vzs
66,esta cada vez mais dificil acessar o aplicativo sempre indisponivel esta sempre tendo erro fora o acesso digital que tambem esta tendo falha hoje passei o dia tentando acessar o aplicativo e deu erro o dia inteiro haja paciencia
67,tava bom mais agora ta muito dificil acessar a conta i nem ver saldo moro numa cidade que nao tem caixa eletronico ai tenho que sair da minha cidade pra cadastrar dispositivo pelo amor de deus me ajuda ai para de complicar a vida dos outros
68,tem que melhorar muito ainda questao de atualizacaotem que sair do aplicativo e entrar de novo do nada o usuario e senha da invalido e o aplicativo manda fazer outro precisa melhorar muito ainda mais ja ajuda
69,o problema e o que exigem para conseguirmos a senha de acesso sendo preciso ir presencialmente na agencia ou caixa eletronico depois deste incomodo o uso do aplicativo e pratico e facilita as transacoes bancarias
70,boa tarde preciso acessar o meu extrato e o saldo da caixa se for possivel me manda uma resposta
71,depois que atualizou pede pra cadastrar senha direto
72,otimo acesso e muito bom
73,o aplicativo e bom porem tem muito a melhorar podendo simplificar e aumenta o acesso para resolver as nessecidades com mais praticidade e rapidez
74,aplicativo trava o tempo todo desativa a digital toda hora e da senha incorreta mesmo com a senha certa precisa refazer todo o cadastro toda vez que quero entrar no aplicativo so me faz passar raiva
75,ta horrivel agora tem que desbloquear em caixa eletronico pra ter acesso desapontante
76,configuramos para senha biometrica e depois do nada pede a senha de numeros muitas vezes ja haviamos esquecido e lento e constantemente fica fora do ar fora isso nao e simplificado e temos que passar por muitas etapas para realizar operacoes simples
77,amo esse aplicativo so nao gostei de ter que cadastrar a assinatura eletronicaou senha eletronicaso la no caixa economica pessoalmenteem pleno pandemia era pra fazer via internet
78,nunca consegui entrar no aplicativo com a digitale sempre que vou entrar com a senha cadastrada diz que ta bloqueada e agora nao consigo entrar de jeito nenhum esse aplicativo e pessimo deus me livre
79,facil acesso
80,super tranquilo muito facil de acessar pagamento de faturas sem sair de casa
81,rapido e facil mas nao e tao seguro porque as senhas ficam salvas no aplicativo
82,voce passa horas tentando um acesso e a praga trava com usuario fico imaginando os idosos pra conseguir isso sem tolerancia pra tanta idiotice se voce e cliente digita o cpf senha tudo e no final nao te da acesso vai pro inferno com isso
83,esse aplicativo e horrivel pra acessar a conta sempre da erro logo troco de banco
84,gosto do aplicativo usei muito tempo so que agora toda vez que atualiza tem que ficar indo ate o caixa eletronico pra liberar senha e chato isso me deixou na mao esses tempos nao consigo acompanha a conta por causa disso sei que tem que ter seguranca porem tem que ser um pouco mais acessivel tambem
85,esta melhorando nao tive nenhum problema ou dificuldade em acessar o aplicativo
86,esse aplicativo nao serve pra nada fui hoje na agencia da caixa pra cadastrar meu dispositivo e depois quando fui acessar o aplicativo diz que o usuario esta bloqueado voces precisam melhorar esse aplicativo todo ano e a mesma coisa ja sou cliente de voces desde 2020 e de la pra ca o aplicativo nao evoluiu nada
87,aplicativo pessimo sai toda hora da biometria pior burocracia pra recuperar senha sem falar da assinatura eletronica que e um bo pra poder criar e se esquecer ja e outros porens bem que deveriam atualizar esse aplicativo e facilitar com a nossa vida fazendo essas mudancas no aplicativo pessima experiencia ja nao uso mais
88,muito importante e facil e rapido o acesso obrigado
89,as vezes trava um saco ter que colocar senha uma vez que cadastrei digital
90,gosto do aplicativo a unica queixa e em relacao as transacoes como transferencias pix pagamentos tenho que cadastrar o meu telefone faco todo o procedimento e tenho que ir num caixa eletronico mas quando chego diz que nao consta nenhum aparelho para cadastrar enfim nao consigo fazer nada online e ter que ir na minha agencia me toma o dia todo poderia ser mais facil cadastrar o meu telefone poderiam me mandar uma senha ou algo que eu pudesse fazer sem precisar ir em uma agencia
91,muito bompena que nao tenho acesso a todos acessos
92,incrivel nao consigo acessar minha conta pelo aplicativo diz que usuario nao encontrado
93,sequer estou conseguindo concluir terminar o cadastro de minha conta abri ha pouco tempo e tentei abrila pelo aplicativo no momento em que fui acessar meu saldo o aplicativo disse a seguinte informacao e necessario fazer cadastro do dispositivo espero pelo apelido que a propria agencia disponibiliza ha literais 8 horas e ate agora nao tive respaldo algum indignado com esta situacao
94,ha meses de tempos em tempos perco algumas horas tentando acessar a minha conta corrente e visualizar o extrato ate o presente momento nao tive resultado site horrivel
95,so funciona se tiver acesso completo ao aparelho dispensavel
96,agente faz o cadastramento do usuario quando volta pra acessa nao entra fica dizendo erro no longe do usuario tente mais tarde ir voce pode tenta quantas vezes quiser nao entra
97,a tempos que cadastro minha senha para poder usar outros servicos mas nao consigo faco no caixa pela agencia porem ao efetuar no celular nunca esta disponivel demais tudo bem
98,palhacada de aplicativo toda vez fica pedindo para eu me cadastrar de novo mesmo eu nao colocando a senha errada e e uma burocracia para cadastrar de novo se desse eu colocaria 0 estrela
99,perfeito super pratico os acessos as informacoesfacilitando muito no dia a dia
100,facil acessar
101,e bom so que a cada seis meses pede pra trocar nome de usuario e senha e aquela mensagem dispositivo sem cadastro toda hora que entro nao quero fazer cadastro nao se eu quisesse eu ja tinha feito
102,alguem consegue me explicar como um banco consegue ter um aplicativo tao pessimo e horripilante assim slk conectado na internet com acesso tudo tranquilo nao consigo entrar na minha conta aparece uma mensagem dizendo que estou sem internet pelo amor de deus galera embora acordar pra vida
103,o que tem de melhorar e que ao fazer um ted ou doc ou pix nao aparece o saldo na conta corrente falha grave quando faz uma operacao o saldo nao atualiza falha grave ta melhorando mais ainda nao mostra o saldo ainda ta pecando pelo saldo da conta que nao atualiza como deveria fez uma operacao atualiza fez outra atualiza do jeito que ta esta com problema na hora de colocar senha ja vem pre preenchida ta errado tem de vir pra fazer o preenchimentovalidacao de boleto tambem tem erro
104,facil de usar e facilita para extrato transferir e pix de casa se tiver duvidas so ir na agencia cadastrar a senha as vezes sai do ar para manutencao ai aquele dia nao da para usar mas e so ir na agencia
105,nao esta funcionando e bloqueio o acesso
106,aplicativo pessimo faz tudo e nao resolve nada tem de ter varios outros apps da caixa sempre tenho problemas devido as inumeras senhas que pedem
107,horrivel esse apptem que pagar contas urgentes e mandar pix mas vive falhando e dando erro de senha
108,do nada nao consigo mais acessar minha conta aplicativo ta ruim
109,aplicativo simples porem eficaz informacoes e acessos de facil acesso
110,aplicativo pessimo toda a vez que troca o celular tem que ir a agencia trocar a maldita senha pra fazer transferencias e um saco deviam colocar todas as contas da caixa no caixa tem
111,aplicativo ruim voce estala coloca uma senha e toda hora tem que mudar de conta porque nao entra na primeira conta que fiz pessimo
112,tem dias que nao abre sempre me faz ter que cadastrar outra senha nao entendo o motivo vive me bloqueando
113,o aplicativo simplesmente nao abre eu sei o login e a senha e nao abre por nada
114,nao consigo logar no aplicativo da erro de usuario e senha nao reconhece a biometria
115,estou tentando acessar o aplicativo desde o dia 070522 e todas as tentativas sao frustradas aplicativo esta horrivel
116,facil acesso
117,eu nao consigo preencher o cadastro por que pede uma senha e eu coloco e nao funciona
118,embora em algumas vezes sempre tenho que cadastrar tudo de novo quando fico algum tempo sem acessar parece que agora nao estou tendo esse problema
119,pessimo aplicativo banco engessado um trabalho do caramba pra ativar o celular pra pagar conta e o aplicativo ainda fica travando e nao funciona roubaram meu celular e ja nao bastasse esse estresse a caixa tem o pior atendimento pra cancelar acesso do dispositivo espero que pra conseguirem acessar minha conta seja tao dificil tao impossivel como eu que nao consegui deslogar o acesso depois de 4hs esperando atendimento por telefone ainda por cima em pleno 2022 e nao conseguindo nada depois de atendida parabens vcs sao os piores
120,quero saber como eu vou a um caixa eletronico estando fora do brasil desbloquear uma senha eletronica no meu aparelho que ja estava cadastrado sinceramente o aplicativo esta deixando a desejar agora estou impossibilitado de movimentar minha conta
121,o pior aplicativo de bancos do mundo minha esposa e eu estamos a mais de 8 meses reclamando que o aplicativo nao funciona efetuamos inumeras atualizacoes simplesmente nao conseguimos acesso aconselho a jamais utilizarem a caixa ja efetuei inumeros contatos com o suporte anexei inclusive imagens do aplicativo e do internet banking demonstrando a impossibilidade do acesso infelizmente o problema persiste por mais de 6 meses
122,queria entender com tanta tecnologia e o aplicativo de vcs nao pode simplesmente validar o uso do aplicativo por reconhecimento facial tive um imprevisto estou numa localidade longe e nao tenho acesso a conta pela burocracia de vcs sinceramente viu
123,infelizmente o aplicativo e ultra obsoleto tanto no seu visual quanto na funcionalidade as funcoes nao estao organizadas de forma clara e intuitiva o que deixa o aplicativo com um visual muito poluido e nada intuitivo extra isto ainda tem o constante bloqueio de usuario e senha fazendo necessario a criacao contante de novo usuario e senha vamos melhorar este aplicativo caixa
124,tem dias que nao consigo acessar minha conta ü§¶ü§¶
125,muito ruim pois praticamente todo mes tem que ficar indo ate a agencia pegar fica para desbloquear a senha eletronica que bloqueia sempre tanto que parei ate de usar o aplicativo
126,ele perde as configuracoes e voce tem que ficar trocando usuario e senha direto
127,precisa melhor a questao da biometria porque constantemente fica saindo e pedindo a senha e poderia aparecer o nome e horario de quem fez um pix no extrato igual os outros bancos aparecem
128,o aplicativo esta com algumas falhas sempre que clico pra ver so saldo da um erro e tenho que colocar a senha de de novopor favor corrigir esse bug no aplicativo grato
129,ipad 7 com sistema ipados 155 o aplicativo nao esta solicitando permissao de acesso a camera o que inviabiliza a captura de codigo de barras para pagamentos etc o aplicativo congela quando tocamos na opcao ‚Äúleitor de codigo de barra‚Äù
130,para dar 5 estrelas a unica queixa e bugs de acesso e poderiamos ter condicoes de algumas decisoes serem resolvidas pelo aplicativo a concorrencia nesse caso ja esta a frente
131,o aplicativo e bom atende as necessidades so tem um ponto a melhoras o bug que da em determinados horarios que nao se consegue acessar de jeito nenhum o mesmo isso causa serios desgastes e vergonha
132,o aplicativo e tao ruim quanto o banco vive fora do ar bloqueia o usuario mesmo digitando a senha correta se melhorar muito ainda vai continuar sendo ruim melhorem
133,somente consigo acesso via wifi nao consigo pela rede movel quase sempre da erro ao entrar e precisa recadastrar tudo como tudo que vem da caixa e complicado para usar e gera transtorno
134,sei a senha e usuario e o mesmo fica aparecendo erro direto ai depois de algumas tentativas frustradas pede para cadastrar novo usuario ü§¶‚Äç
135,tenho uma iphone 13 pro max que a semanas nao consigo acessar o aplicativo ja fui na agencia entrei em contato com sac e nunca foi resolvido
136,estou tentando puxar meus extratos da movimentacao da minha conta poupanca e nao estou conseguindo voltar a ter acesso pelo whatsapp nao esta mais aparecendo a opcao se nao da pra usar mais porque disponibiza falta de respeito com o usuario se for na agencia sao filas enormes e uma lentidao no atendimento ai se vai tentar pela internet nao consegue do mesmo jeito voces so dificultam a vida da populacao
137,apesar de ja ter liberado tudo localizacao acesso a camera etc e de ter reinstalado varias vezes nao consigo ler nenhum codigo de barras na funcao pagamento uso um iphone13 pro com ios 155 ressalto que ja funcionou bem nesse aparelho
138,o aplicativo e bom mas ja tem um tempo que nao tenho acesso ao codigo de barra e nao consigo fazer pagamento pelo qr code
139,faz mais de duas semanas que nao consigo acessar a minha conta precisava consultar saldo pagar contas fazer pix ‚Äúerro ops nao foi possivel processar sua solicitacao favor realizar um novo login cod 0530‚Äù o problema nao e a minha internet o aplicativo reflete com clareza o estilo de banco que a caixa economica federal e o estilo de atendimento prestado e o descaso com os consumidores muitas vezes obrigados a fazer uso desse banco pelo governo federal para chegar no nivel razoavel tem muito chao pela frente deixo registrado a minha insatisfacao com esse banco com esse aplicativo e com o descaso que precisamos tolerar
140,aplicativo de dificil navegacao poucas opcoes ruim de acessar as funcoes
141,o aplicativo e um pouco lento se erra a senha uma ou duas vezes ja tem que cadastrar novamente e o pix teria que ser mais facil todas pessoas que eu conheco e tem conta na caixa reclamam da dificuldade que e fazer um pix no aplicativo da caixa
142,aplicativo apresenta erros para abrir ja fazem dois dias que nao consigo acessar minha conta
143,antigamente era ate aceitavel mas agora e tanta seguranca que nem eu mesmo consigo acessar minha propria conta o melhor a se fazer e deixar de usar esse banco pra sempre pois tudo com ele e na base do ‚Äútenta a sorte‚Äù
144,melhorou um pouco a questao do acesso a conta mas agora o leitor de codigo de barras no aplicativo parou de funcionar tenho que digitar todos os numeros ola pessoal o botao do leitor do codigo de barras no aplicativo nao funciona em outro casos esta funcionando
145,o aplicativo fica com a mensagem de ‚Äúnao foi possivel acessar nesse momento tente mais tarde‚Äù
146,esta complicado nao consigo acessar minha conta de forma alguma
147,chega ser folclorico as instabilidades desse aplicativo quando nao apresenta falhas recorrentes no login bloqueia senhas e fecha inesperadamente absurdo daqui a pouco vao alegar que e culpa do pr
148,absolutamente do nada me pediram para cadastrar meu telefone novamente eu nao consigo fazer nada sem ir a um caixa eletronico fui no meu computador e a mesma coisa aconteceu tenho ele ha 5 anos e ja acessei diversas vezes acho que voltamos pra 1901 e nao me avisaram banco completamente fora da realidade se nao fosse publico ja teria quebrado ou seja ainda pagamos a conta no final pela improdutividade de voces
149,buga toda hora pedindo a senha tento varias vezes e bloqueia o usuario faco de nono e continua o problema resolva isso pra nos vou ter que mudar de banco por conta disso
150,faco cadastro com os dados corretos e quando entro diz senha incorreta ridiculo isso
151,esse carai tem algo contra ios ja tem um 3 meses que tento acessar minha conta e nao consigo
152,o aplicativo e excelente porem alguns dias fica com essa informacao ao acessar e muitas vezes preciso para fazer pix obrigada
153,horrivel lento fica solicitando senha validacao aplicativo mal feito
154,aplicativo instavel nao consigo acessar minha conta isso e que corrigiram ne
155,prezados desenvolvedores melhores a estabilidade da conexao as vezes e uma batalha pra conseguir logar ja fiquei na mao em momentos que precisei fazer uso do aplicativo e constantemente da erro ao logar com face id sendo necessario por a senha novamente
156,caso eu queira o comprovante de uma pagamento que fiz mes passado o aplicativo nao fornece erro no acesso aos dados isso nao devia acontecer
157,todo santo dia da erro para fazer o login tanto com senha como no faceid e bloqueia o usuario e tem que fazer o cadastro novamente esse erro ja vem a anos e nunca e corrigido
158,desloga direto sempre tenho que ta trocando senha preenchendo tudo de novo pra usar o aplicativo
159,mais de 4 semanas sem conseguir acessar o aplicativo porque fica aparecendo mensagem de erro ja liguei na central da caixa e ate mesmo no suporte tecnico da apple a cada ligacao na caixa fico mais de 1h40 aguardando para ser atendida e nunca conseguem me ajudar estou nesse exato momento em uma ultima tentativa para tentar fazer esse aplicativo funcionar e a duracao da ligacao ja esta em 1h50 caso nao de certo vou cancelar essa conta isso ta me atrapalhando demais detalhe ja fui no banco caixa e ninguem consegue me ajudar tambem
160,sempre fica instavel nao conecta quando voce acha que vai ele pede a senha de novo ja fiz mais de 10 logins novos e senhas assim fica dificil
161,toda vez que acesso a opcao ele nao da pra selecionar a opcao de emprestimo do saque aniversario aparecendo a mensagem ‚Äúestamos quase la‚Äù tem dias ja por favor arrumem pois se ficar no prejuizo por conta disso vou ter que tomar alguma providencia juridica obrigado
162,estou na irlanda e nao consigo acessar a conta so fica estabelecendo conexao e nao entra preciso pagar as contas que tem data de vencimento e nao esperam
163,aplicativo constantemente com erro ao acessar ou fora do ar causa bastante transtornos nas urgencias preciso ir ao caixa eletronico pra resolver operacoes
164,aplicativo esta bem mais fluido antes travava tinha muita instabilidade minha senha nao funcionava tinha que cadastrar nova senha agora ta bem mais rapido bastante opcoes no menu e bastante interativo o que pode melhorar e nas respostas do cliente quanto a cartoes emprestimos entre outros
165,aplicativo fica instavel muitas vezes deixando sem acesso em momentos necessarios tenho conta poupanca porque o gerente do banco nao permitiu uma conta corrente gratuita sendo que e lei e por ser poupanca o aplicativo nao permite que eu faca varias coisas como pagamento ipva risos so parece sp jogos de loteria somente megasena e outras transacoes tipo ted quando o aplicativo nao esta fora do ar ele e facil de usar agil tem boa apresentacao
166,desde de o dia 05 de maio de 2022 nao consigo acessar o aplicativo so aparece estabelecendo conexao segura e nao passa disso estou fora do brasil e agora estou prejudicada com a falta de funcionamento deste aplicativo
167,estou na inglaterra e sem acesso ao meu dinheiro consertem isso ja varios brasileiros com o mesmo problema aqui
168,apos a ultima atualizacao nao consigo mais fazer login ao digitar minha senha o aplicativo entra na tela de ‚Äúestabelecendo conexao segura‚Äù e nao sai mais estou impedida de realizar transacoes
169,desde ontem nao consigo acessar o aplicativo ja desinstalei e instalei varias vezes e nao funciona ja me recadastrei e no final diz que ‚Äútransacao indisponivel no momento efetue novo acesso e tente novem alguns instantes egfnusk8rx isso e um desrespeito com o cliente falta de respeito total
170,o aplicativo esta um lixo quem ja viu o mesmo nao permitir logon quando se usa rede wifi essa versao esta terrivel instavel e com milhares de bugs de acesso
171,passei hoje o dia todo tentando acessar o aplicativo e nao abre pior aplicativo de banco que existe
172,aplicativo nao acessa desde ontem
173,buga o tempo todo nao permite acesso vou deixar de usar esse banco horrivel porque te deixa na mao e preocupado com os dados
174,tem que atualizar ta muito ruim pra conseguir acessar o aplicativo
175,nao sei oque aconteceu com o aplicativo mas nao consigo nem pagar as minhas contas ha dois dias estou sem acesso
176,todo santo mes o aplicativo da esse problema aparece um cod 0450 e nao consigo acessar precisa melhorar isso
177,estou ha dois dias tentando acesso ao aplicativo e nao consigo estava dando um erro de cod 20017 atualizei o aplicativo e agora so fica estabelecendo conexao segura e nao sai disso precisa melhor esse aplicativo que sempre fica dando bugs
178,nao entra nao acessa uma verdadeira nojeira esse aplicativo
179,nao consigo mais fazer pix pagar conta e tenho que constantemente colocar varias vezes a senha pra entrar
180,nao sei o que esta acontecendo que nao consigo acessar o aplicativo e nem recebo pix na conta da caixa
181,sempre os mesmos bugs jamais usaria como banco principal tem 2 dias que nao consigo entrar na minha conta por causa desse erro de login nem com face id nem digitando a senha acabem com esse aplicativo para ao menos diminuir a vergonha desse ‚Äúbanco‚Äù se eu dependesse somente desse banco estaria em apuros agora sinceramente uma vergonha
182,depois da ultima atualizacao nao consigo acessar mais
183,nao deixa entrar nem por biometria nem senha fica dando erro pedindo pra tentar novamente por isso e facil migrar pra qualquer outro banco nao deixa fazer nada
184,sempre tenho poblemas com a biometria e nao tem a opcao de esqueci a senha tenho que desistalar e estalar precisa melhorar
185,por favor arrumem o aplicativo preciso acessar minha conta eles nao funciona
186,sem palavras para definir a minha indignacao com esse aplicativo simplesmente e quase impossivel acessar a conta por ele cheio de erros e as vezes fica carregando e nao abre a conta
187,nao sei como um banco desse porte da tanta dor de cabeca mal consigo acessar o aplicativo fica saindo direto da erro com frequencia
188,esta horrivel esse aplicativo pois nao estou conseguindo acessar o proprio
189,aplicativo esta inviavel nao conseguimos fazer login por senha nem por biometria horrivel
190,cara de verdade dao jeito nessa oscilacao desse aplicativo muitas vezes nao consigo fazer login e nao e internet e tambem quando vamos fazer algumas transacoes ele dar erro assim que bota a senha poderiam melhorar a instabilidade frequente ja perdi as contas de quantas vezes eu vou fazer login e aparece ‚Äúsistema temporariamente indisponivel‚Äù muitas vezes preciso realizar pagamentos de fornecedores e isso acontece quebra minhas pernas precisa ser melhorado com urgencia pois a caixa e um otimo banco mas o aplicativo nao facilita nada
191,o aplicativo esta instavel voce conta em poder acessar a sua conta para fazer pagamentos e transferencias ou seja resolver a sua vida financeira mas nao da para contar com esse aplicativo a biometria toda hora para de funcionar uso aplicativo de outro banco que nunca da problema entao o problema e a incompetencia mesmo
192,aplicativo com instabilidade frequentemente fecha sozinho sai da conta nao acessa com biometria se precisar fazer alguma transacao com urgencia pode esquecer
193,vive fora do ar ja faz 3 dias que tento acessar pois preciso pagar minhas contas e nao consigo entrar no aplicativo melhorem pior aplicativo no mundo de banco
194,apos a ultima atualizacao o aplicativo fica estabelecendo conexao segura e simplesmente nao acessa obs ja tentei acessar usando o 4g e ja tentei pelo wifi de minha casa sem exito
195,aplicativo da caixa simplesmente encontrase indisponivel para acesso a conta em quase totalidade do dia
196,aplicativo nao entra so fica dando erro que nao pode acessar e tente mais tarde quando entra nao aparece opcao de nada e volta para tela de erro se precisar fazer operacao financeira com urgencia esquece e impossivel
197,a caixa lidera o ranking de pior sistema bancario do brasil como pode voce nao conseguir acessar sua conta a duas ou 3 vezes por semana chega ser inacreditavel o quao ruim e esse sistema
198,aplicativo horrivel nunca funciona sempre instavel tem que ficar colocando senha 56 vezes pra conseguir entrar mais nao entra
199,o aplicativo da muito erro toda hora nao consigo acessar a conta
200,um lixo o aplicativo vive instavel tem dias que nem da para acessar a conta ai voce precisa sair da sua casa e ir em uma agencia resolver coisas simples coisas que esse lixo de aplicativo deveria fazer
201,de tempos em tempos o aplicativo da problema com a biometria do iphone mesmo desativando a biometria eu tenho que digitar a senha umas 5 vezes para entrar no aplicativo pra ficar ruim esse aplicativo precisa melhorar muito pois e pessimo nunca corrigem esses bugs e muita incompetencia
202,toda vez que eu acabo bloqueando um aplicativo de banco por errar a senha diversas vezes eu me sinto aliviado contra possiveis golpes ou roubo de telefone porque porra se nem eu to sabendo a senha bloqueei o aplicativo da caixa agora ü§°
203,como recuperar a senha do caixa tem e voltar a ter acesso ao aplicativo httpstco5mgkmnojfk
204,galera de fora do br ta rolando de acessar o caixa tem ai meu saque do fgts caiu ontem e eu nao consigo acessar a aplicativo pra poder pegar meu dinheiro
205,quanto tempo leva pra o caixa tem enviar o link pra acesso do aplicativo
206,aproveitando o hype da thread do nubank e o assunto seguranca deixo a dica conta da caixa se nem eu consigo acessar quem diras algum fraudador 24h que o aplicativo ta fora do ar
207,esse aplicativo caixa tem esta pedindo para vincular uma conta caixa por questoes de seguranca do aplicativo alem disso pedindo a senha do cartao que isso caixa ü§î
208,chocada que as pessoas deixam assim eu tenho so o aplicativo da caixa e ele pede uma senha pra abrir e outra diferente para fazer qualquer operacao as pessoas precisam focar na seguranca
209,eu nunca criei tanto nome de usuario e senha dentro de uma porra de um aplicativo de um banco seguranca em excesso ja nao e mais seguranca caixa
210,caixa nao oferece seguranca nenhuma nos dados pela 3¬∞ vez entrei no aplicativo da minha mae e tem algum email com acesso ao cpf dela ja entrei em contato 3x p mudar toda vez muda e a pessoa do email desconhecido volta de novo que banco horrivel meu deus
